city_ID,City,Lat,Lng,Max Temp,Humidity,Cloudiness,Wind Speed,Country,Date
0,Ushuaia,-54.8,-68.3,51.46,46,0,18.41,AR,2021-10-30 22:58:49
1,Palmer,42.1584,-72.3287,58.98,86,90,1.01,US,2021-10-30 22:58:49
2,Mount Gambier,-37.8333,140.7667,51.71,82,40,11.5,AU,2021-10-30 22:58:50
3,Beloha,-25.1667,45.05,67.01,86,60,11.25,MG,2021-10-30 22:58:50
4,Hobart,-42.8794,147.3294,60.03,55,75,3.0,AU,2021-10-30 22:54:36
5,Albany,42.6001,-73.9662,57.38,92,95,2.44,US,2021-10-30 22:58:50
6,Duluth,46.7833,-92.1066,50.59,79,1,1.01,US,2021-10-30 22:58:50
7,Boca Do Acre,-8.7522,-67.3978,82.38,59,83,2.39,BR,2021-10-30 22:58:51
8,Griffith,41.5284,-87.4237,57.4,80,1,1.01,US,2021-10-30 22:58:51
9,Kaduqli,11.0167,29.7167,81.75,49,70,3.69,SD,2021-10-30 22:58:51
10,Rawson,-43.3002,-65.1023,48.92,63,87,22.17,AR,2021-10-30 22:58:52
11,Chuy,-33.6971,-53.4616,65.32,88,54,12.35,UY,2021-10-30 22:58:52
12,Bardiyah,31.7561,25.0865,70.39,66,3,8.7,LY,2021-10-30 22:58:52
13,Zyryanka,65.75,150.85,0.72,91,100,4.7,RU,2021-10-30 22:58:53
14,Itaqui,-29.1253,-56.5531,71.19,92,74,11.27,BR,2021-10-30 22:58:53
15,Camacha,33.0833,-16.3333,69.22,83,20,14.97,PT,2021-10-30 22:58:53
16,Shar,49.5886,81.0453,36.93,57,100,8.59,KZ,2021-10-30 22:58:54
17,Chokurdakh,70.6333,147.9167,1.96,97,99,6.58,RU,2021-10-30 22:58:54
18,Mar Del Plata,-38.0023,-57.5575,60.1,83,75,3.0,AR,2021-10-30 22:56:25
19,Hasaki,35.7333,140.8333,54.0,66,85,8.75,JP,2021-10-30 22:58:54
20,Les Cayes,18.2,-73.75,78.64,82,54,5.82,HT,2021-10-30 22:58:55
21,Nuzvid,16.7833,80.85,74.59,93,92,3.56,IN,2021-10-30 22:58:55
22,Luwingu,-10.2621,29.9271,69.69,58,54,3.76,ZM,2021-10-30 22:58:55
23,Kodiak,57.79,-152.4072,47.71,81,90,33.38,US,2021-10-30 22:58:56
24,Cape Town,-33.9258,18.4232,62.11,82,0,6.91,ZA,2021-10-30 22:54:21
25,Xuddur,4.1213,43.8894,73.72,63,91,15.64,SO,2021-10-30 22:58:56
26,Bambous Virieux,-20.3428,57.7575,70.21,94,20,3.44,MU,2021-10-30 22:58:56
27,Barra Patuca,15.8,-84.2833,78.46,76,74,15.26,HN,2021-10-30 22:58:57
28,Maceio,-9.6658,-35.7353,78.24,83,0,6.91,BR,2021-10-30 22:58:57
29,Severo-Kurilsk,50.6789,156.125,41.56,79,86,13.62,RU,2021-10-30 22:58:57
30,Parrita,9.5201,-84.3225,80.06,87,100,2.1,CR,2021-10-30 22:58:58
31,Dubbo,-32.25,148.6167,59.13,55,0,10.36,AU,2021-10-30 22:58:58
32,Tasiilaq,65.6145,-37.6368,18.32,65,93,4.41,GL,2021-10-30 22:58:58
33,Zelenoborskiy,66.845,32.3622,36.82,99,100,2.39,RU,2021-10-30 22:58:59
34,Jamestown,42.097,-79.2353,53.24,87,90,0.0,US,2021-10-30 22:54:49
35,Ilulissat,69.2167,-51.1,31.68,91,100,10.76,GL,2021-10-30 22:58:59
36,Saskylakh,71.9167,114.0833,12.45,92,100,12.35,RU,2021-10-30 22:58:59
37,Aswan,24.0934,32.907,87.1,25,0,10.36,EG,2021-10-30 22:54:08
38,Castro,-24.7911,-50.0119,60.85,96,89,8.34,BR,2021-10-30 22:59:00
39,Bluff,-46.6,168.3333,50.59,89,96,29.42,NZ,2021-10-30 22:59:00
40,Tambacounda,13.7539,-13.7586,77.05,83,0,2.3,SN,2021-10-30 22:59:00
41,Ohrid,41.1172,20.8019,47.1,71,0,2.37,MK,2021-10-30 22:59:01
42,Rikitea,-23.1203,-134.9692,75.13,85,84,21.0,PF,2021-10-30 22:59:01
43,Lavrentiya,65.5833,-171.0,13.84,80,28,6.53,RU,2021-10-30 22:59:02
44,Ancud,-41.8697,-73.8203,62.13,61,0,4.34,CL,2021-10-30 22:59:03
45,Olafsvik,64.8945,-23.7142,42.37,83,73,22.12,IS,2021-10-30 22:59:03
46,Port Alfred,-33.5906,26.891,65.75,81,85,4.52,ZA,2021-10-30 22:59:03
47,Busselton,-33.65,115.3333,49.05,83,95,4.29,AU,2021-10-30 22:59:04
48,Ponta Do Sol,32.6667,-17.1,71.71,72,40,6.51,PT,2021-10-30 22:59:04
49,Port Lincoln,-34.7333,135.8667,60.01,61,0,12.17,AU,2021-10-30 22:59:04
50,Yulara,-25.2406,130.9889,58.84,88,100,8.05,AU,2021-10-30 22:59:04
51,Avarua,-21.2078,-159.775,77.05,57,98,13.8,CK,2021-10-30 22:59:05
52,Tiksi,71.6872,128.8694,2.59,93,97,9.31,RU,2021-10-30 22:59:05
53,San Vicente,-26.6167,-54.1333,60.51,99,100,1.54,AR,2021-10-30 22:59:05
54,Petropavlovsk-Kamchatskiy,53.0452,158.6483,30.79,80,75,4.47,RU,2021-10-30 22:59:06
55,Qaanaaq,77.484,-69.3632,2.21,54,0,7.85,GL,2021-10-30 22:59:06
56,Luderitz,-26.6481,15.1594,58.48,93,9,3.0,NA,2021-10-30 22:59:06
57,Kapaa,22.0752,-159.319,80.58,86,17,1.99,US,2021-10-30 22:59:07
58,Naziya,59.8,31.3833,46.69,73,93,8.08,RU,2021-10-30 22:59:07
59,Odessa,46.4775,30.7326,48.13,87,0,8.95,UA,2021-10-30 22:56:36
60,Richards Bay,-28.783,32.0377,61.97,84,48,6.8,ZA,2021-10-30 22:59:07
61,Ambatolampy,-19.3833,47.4167,56.97,91,71,3.33,MG,2021-10-30 22:59:08
62,Punta Arenas,-53.15,-70.9167,53.71,43,0,14.97,CL,2021-10-30 22:59:08
63,Provideniya,64.3833,-173.3,15.21,73,90,9.78,RU,2021-10-30 22:59:08
64,Mingguang,32.7802,117.9638,58.77,65,41,4.03,CN,2021-10-30 22:59:09
65,Kaitangata,-46.2817,169.8464,50.41,92,99,18.39,NZ,2021-10-30 22:59:09
66,Bengkulu,-3.8004,102.2655,76.01,90,100,5.53,ID,2021-10-30 22:59:09
67,Miraflores,19.2167,-98.8083,73.02,50,50,0.85,MX,2021-10-30 22:59:10
68,Upernavik,72.7868,-56.1549,28.13,62,100,11.95,GL,2021-10-30 22:59:10
69,Yellowknife,62.456,-114.3525,29.41,86,75,7.0,CA,2021-10-30 22:59:10
70,Lambarene,-0.7001,10.2406,73.08,97,100,6.82,GA,2021-10-30 22:59:11
71,Ust-Kan,50.9276,84.761,26.17,91,98,5.82,RU,2021-10-30 22:59:11
72,Dombarovskiy,50.7587,59.5386,42.13,70,100,16.22,RU,2021-10-30 22:59:11
73,Namibe,-15.1961,12.1522,66.06,79,58,7.38,AO,2021-10-30 22:59:12
74,Kruisfontein,-34.0033,24.7314,52.88,92,2,3.67,ZA,2021-10-30 22:59:12
75,Flin Flon,54.7682,-101.865,39.04,56,90,10.36,CA,2021-10-30 22:59:12
76,Hermanus,-34.4187,19.2345,61.9,89,48,8.39,ZA,2021-10-30 22:59:13
77,Atuona,-9.8,-139.0333,77.92,67,5,11.95,PF,2021-10-30 22:59:13
78,Bredasdorp,-34.5322,20.0403,58.28,88,55,2.3,ZA,2021-10-30 22:59:13
79,Cockburn Town,21.4612,-71.1419,82.36,69,40,9.22,TC,2021-10-30 22:54:59
80,Saldanha,-33.0117,17.9442,59.05,84,27,8.88,ZA,2021-10-30 22:59:14
81,Leningradskiy,69.3833,178.4167,-0.92,96,99,6.33,RU,2021-10-30 22:59:14
82,Ostrovnoy,68.0531,39.5131,34.5,96,100,6.64,RU,2021-10-30 22:59:14
83,Longyearbyen,78.2186,15.6401,18.75,83,96,3.58,SJ,2021-10-30 22:59:15
84,Hithadhoo,-0.6,73.0833,82.65,76,100,20.4,MV,2021-10-30 22:59:15
85,San Rafael,-34.6177,-68.3301,67.12,29,13,20.49,AR,2021-10-30 22:59:15
86,Nikolskoye,59.7035,30.7861,47.01,93,93,7.2,RU,2021-10-30 22:59:16
87,Guarapari,-20.6667,-40.4975,71.49,93,100,0.31,BR,2021-10-30 22:59:16
88,Khatanga,71.9667,102.5,-1.91,99,83,0.81,RU,2021-10-30 22:59:16
89,Pemangkat,1.1667,108.9667,78.67,86,54,2.82,ID,2021-10-30 22:59:17
90,Dingle,10.9995,122.6711,77.36,88,95,7.96,PH,2021-10-30 22:59:17
91,Victoria,22.2855,114.1577,75.33,84,90,1.01,HK,2021-10-30 22:56:57
92,Sorbhog,26.5,90.8667,63.48,68,0,4.25,IN,2021-10-30 22:59:17
93,Mezen,65.8522,44.24,32.43,99,100,5.35,RU,2021-10-30 22:59:18
94,Khorixas,-20.3667,14.9667,66.78,23,1,3.85,NA,2021-10-30 22:59:18
95,Coolum Beach,-26.5333,153.1,76.33,77,81,3.0,AU,2021-10-30 22:59:18
96,Tari,12.4086,4.4914,81.41,18,55,4.9,NG,2021-10-30 22:59:19
97,Bandarbeyla,9.4942,50.8122,78.66,77,60,10.96,SO,2021-10-30 22:59:19
98,Sur,22.5667,59.5289,79.72,66,5,11.07,OM,2021-10-30 22:59:19
99,Airai,-8.9266,125.4092,67.69,75,27,1.21,TL,2021-10-30 22:59:20
100,Nizhniy Tsasuchey,50.5167,115.1333,21.85,34,0,5.32,RU,2021-10-30 22:59:20
101,Lompoc,34.6391,-120.4579,75.13,80,75,13.0,US,2021-10-30 22:59:20
102,Hilo,19.7297,-155.09,81.25,82,1,4.0,US,2021-10-30 22:59:21
103,Sabha,27.0377,14.4283,69.31,28,2,5.01,LY,2021-10-30 22:59:21
104,Mataura,-46.1927,168.8643,48.25,97,100,14.07,NZ,2021-10-30 22:59:21
105,Camopi,3.1655,-52.3158,74.75,94,79,4.45,GF,2021-10-30 22:59:22
106,Rio Casca,-20.2261,-42.6508,69.01,89,83,1.5,BR,2021-10-30 22:59:22
107,Faanui,-16.4833,-151.75,78.13,69,15,15.43,PF,2021-10-30 22:59:22
108,Ixtapa,20.7,-105.2,84.22,82,37,5.99,MX,2021-10-30 22:57:29
109,Barrow,71.2906,-156.7887,15.82,86,90,4.61,US,2021-10-30 22:59:23
110,Antofagasta,-23.65,-70.4,61.88,70,15,3.85,CL,2021-10-30 22:55:44
111,Pakxan,18.3778,103.6601,69.89,95,42,3.18,LA,2021-10-30 22:59:23
112,Cascavel,-24.9558,-53.4553,63.19,85,100,5.46,BR,2021-10-30 22:59:23
113,Galle,6.0367,80.217,77.07,89,88,3.38,LK,2021-10-30 22:59:24
114,Ghanzi,-21.5667,21.7833,74.43,19,3,7.29,BW,2021-10-30 22:59:24
115,Helong,42.5397,128.9972,44.58,79,76,3.15,CN,2021-10-30 22:59:24
116,Siilinjarvi,63.0833,27.6667,44.62,87,90,9.22,FI,2021-10-30 22:59:25
117,Chimbarongo,-34.7,-71.05,86.38,38,100,4.81,CL,2021-10-30 22:59:18
118,Meulaboh,4.1363,96.1285,75.31,87,92,4.61,ID,2021-10-30 22:59:25
119,Constitucion,-35.3333,-72.4167,57.4,79,100,12.62,CL,2021-10-30 22:57:01
120,Tuktoyaktuk,69.4541,-133.0374,17.6,93,90,9.22,CA,2021-10-30 22:59:26
121,New Norfolk,-42.7826,147.0587,59.67,41,91,8.25,AU,2021-10-30 22:59:26
122,San Buenaventura,27.0833,-101.5333,87.48,17,0,7.25,MX,2021-10-30 22:59:26
123,Saint-Pierre,-21.3393,55.4781,69.48,75,0,6.91,RE,2021-10-30 22:59:27
124,Los Llanos De Aridane,28.6585,-17.9182,64.15,59,0,5.99,ES,2021-10-30 22:59:27
125,Vaini,-21.2,-175.2,78.96,83,20,11.5,TO,2021-10-30 22:59:27
126,Vila Franca Do Campo,37.7167,-25.4333,74.19,93,100,14.43,PT,2021-10-30 22:59:27
127,Gat,31.61,34.7642,72.39,64,71,1.72,IL,2021-10-30 22:59:28
128,Corumba,-19.0092,-57.6533,75.11,88,0,4.61,BR,2021-10-30 22:59:28
129,Torbay,47.6666,-52.7314,40.75,81,1,4.61,CA,2021-10-30 22:59:28
130,Saint-Joseph,-21.3667,55.6167,68.38,80,56,1.81,RE,2021-10-30 22:57:06
131,Isangel,-19.55,169.2667,82.51,61,1,3.44,VU,2021-10-30 22:59:29
132,Nanortalik,60.1432,-45.2371,34.68,71,68,0.92,GL,2021-10-30 22:59:29
133,Deputatskiy,69.3,139.9,-7.78,98,98,5.08,RU,2021-10-30 22:59:29
134,Hailar,49.2,119.7,24.48,44,0,4.83,CN,2021-10-30 22:59:30
135,Dikson,73.5069,80.5464,7.0,91,100,16.06,RU,2021-10-30 22:59:30
136,Bathsheba,13.2167,-59.5167,81.21,74,20,13.8,BB,2021-10-30 22:59:30
137,Half Moon Bay,37.4636,-122.4286,70.32,82,90,6.91,US,2021-10-30 22:57:56
138,Butaritari,3.0707,172.7902,82.27,73,20,5.77,KI,2021-10-30 22:59:31
139,Puerto Ayora,-0.7393,-90.3518,78.76,84,95,8.59,EC,2021-10-30 22:59:31
140,Mahebourg,-20.4081,57.7,70.25,94,20,3.44,MU,2021-10-30 22:59:32
141,Arraial Do Cabo,-22.9661,-42.0278,69.76,100,75,8.05,BR,2021-10-30 22:59:32
142,Borujerd,33.8973,48.7516,52.43,67,84,1.36,IR,2021-10-30 22:59:32
143,Caravelas,-17.7125,-39.2481,73.24,88,96,7.29,BR,2021-10-30 22:59:33
144,Petrolina De Goias,-16.095,-49.3381,75.36,90,93,3.74,BR,2021-10-30 22:59:33
145,Ribeira Grande,38.5167,-28.7,71.04,89,100,16.62,PT,2021-10-30 22:59:33
146,Grand-Lahou,5.1367,-5.0242,77.97,87,100,7.61,CI,2021-10-30 22:59:34
147,Asosa,10.0667,34.5333,61.84,72,65,4.79,ET,2021-10-30 22:59:34
148,Minab,27.1467,57.0801,69.3,39,0,2.37,IR,2021-10-30 22:59:34
149,Hedaru,-4.5,37.9,70.23,90,14,2.8,TZ,2021-10-30 22:59:35
150,Mtama,-10.3,39.3667,70.72,97,28,2.73,TZ,2021-10-30 22:59:35
151,Ahuimanu,21.4447,-157.8378,84.78,62,13,4.27,US,2021-10-30 22:59:35
152,East London,-33.0153,27.9116,64.08,83,79,6.29,ZA,2021-10-30 22:59:36
153,Ust-Ishim,57.6935,71.1665,24.78,97,100,2.39,RU,2021-10-30 22:59:36
154,Pangnirtung,66.1451,-65.7125,32.68,99,100,9.13,CA,2021-10-30 22:59:36
155,Karachi,24.9056,67.0822,67.82,64,51,5.75,PK,2021-10-30 22:56:08
156,Hof,50.3167,11.9167,50.27,77,99,8.01,DE,2021-10-30 22:59:37
157,Carnarvon,-24.8667,113.6333,66.27,68,0,13.8,AU,2021-10-30 22:59:37
158,Coquimbo,-29.9533,-71.3436,60.53,77,0,10.36,CL,2021-10-30 22:59:37
159,Kinchil,20.9167,-89.95,80.06,54,14,5.91,MX,2021-10-30 22:59:38
160,Cozumel,20.5083,-86.9458,82.99,68,17,8.01,MX,2021-10-30 22:59:38
161,Vardo,70.3705,31.1107,38.77,73,97,10.4,NO,2021-10-30 22:58:14
162,Saint-Philippe,-21.3585,55.7679,69.39,81,74,2.33,RE,2021-10-30 22:59:38
163,Ketchikan,55.3422,-131.6461,46.11,79,82,4.16,US,2021-10-30 22:59:39
164,Kieta,-6.2167,155.6333,81.09,79,98,3.53,PG,2021-10-30 22:59:39
165,Amudat,1.95,34.95,72.01,59,99,4.05,UG,2021-10-30 22:59:39
166,Mandera,3.9366,41.867,83.35,44,80,8.08,KE,2021-10-30 22:59:40
167,Nautla,20.2167,-96.7833,78.73,61,22,10.98,MX,2021-10-30 22:59:40
168,Vila Velha,-20.3297,-40.2925,71.55,94,75,4.61,BR,2021-10-30 22:59:40
169,Lata,40.1629,-8.3327,67.93,98,100,6.24,PT,2021-10-30 22:59:41
170,Morro Bay,35.3658,-120.8499,75.18,77,100,4.0,US,2021-10-30 22:59:41
171,Turukhansk,65.8167,87.9833,13.84,96,99,8.03,RU,2021-10-30 22:59:41
172,Santa Maria,-29.6842,-53.8069,79.9,57,0,6.91,BR,2021-10-30 22:59:42
173,Flinders,-34.5833,150.8552,66.79,62,0,4.0,AU,2021-10-30 22:59:42
174,Sechura,-5.5569,-80.8222,70.18,65,15,16.31,PE,2021-10-30 22:59:42
175,Souris,49.6172,-100.2612,42.66,47,33,13.78,CA,2021-10-30 22:59:42
176,Vanimo,-2.6741,141.3028,81.91,80,97,4.52,PG,2021-10-30 22:59:43
177,Llata,-9.4167,-76.7833,54.3,84,86,5.32,PE,2021-10-30 22:59:43
178,Kampene,-3.6,26.6667,67.8,98,97,1.68,CD,2021-10-30 22:59:43
179,Port Elizabeth,-33.918,25.5701,61.09,94,90,3.44,ZA,2021-10-30 22:59:12
180,Lagoa,39.05,-27.9833,70.38,84,100,23.17,PT,2021-10-30 22:59:44
181,Bereda,43.2686,-7.5406,62.01,91,97,6.71,ES,2021-10-30 22:59:44
182,Berea,41.3662,-81.8543,56.89,90,90,3.44,US,2021-10-30 22:59:45
183,Ode,7.7899,5.7117,72.05,77,92,4.25,NG,2021-10-30 22:59:45
184,Lebu,-37.6167,-73.65,53.06,82,100,13.6,CL,2021-10-30 22:59:45
185,Georgetown,5.4112,100.3354,78.73,92,40,5.99,MY,2021-10-30 22:58:32
186,Esperance,-33.8667,121.9,55.24,56,11,13.94,AU,2021-10-30 22:59:46
187,Kabarnet,0.4919,35.743,57.63,82,90,3.51,KE,2021-10-30 22:59:46
188,Sumbe,-11.2061,13.8437,75.24,85,100,6.26,AO,2021-10-30 22:59:46
189,Naze,28.3667,129.4833,65.32,76,1,6.46,JP,2021-10-30 22:55:43
190,Madang,-5.2246,145.7966,82.2,78,97,4.54,PG,2021-10-30 22:59:47
191,La Ronge,55.1001,-105.2842,37.65,60,90,11.5,CA,2021-10-30 22:59:47
192,Sao Filipe,14.8961,-24.4956,79.99,75,84,13.11,CV,2021-10-30 22:59:47
193,Henties Bay,-22.116,14.2845,56.86,91,0,4.76,NA,2021-10-30 22:59:48
194,Pevek,69.7008,170.3133,-2.78,96,100,10.63,RU,2021-10-30 22:59:48
195,Nizhniy Baskunchak,48.2198,46.8311,41.16,72,0,3.04,RU,2021-10-30 22:59:48
196,Zeya,53.75,127.2667,21.56,48,1,0.56,RU,2021-10-30 22:59:48
197,Mehamn,71.0357,27.8492,38.84,75,93,8.7,NO,2021-10-30 22:59:49
198,Aklavik,68.2191,-135.0107,20.12,93,40,4.61,CA,2021-10-30 22:59:49
199,Gidole,5.65,37.3667,57.42,54,53,2.55,ET,2021-10-30 22:59:49
200,Tagusao,9.1924,117.8141,80.1,82,62,4.21,PH,2021-10-30 22:59:50
201,Minggang,32.4586,114.0486,60.71,58,99,1.95,CN,2021-10-30 22:59:50
202,Kavieng,-2.5744,150.7967,83.95,75,70,13.47,PG,2021-10-30 22:59:50
203,Bilma,18.6853,12.9164,80.78,26,44,17.76,NE,2021-10-30 22:59:51
204,Coahuayana,18.7333,-103.6833,84.11,72,12,4.65,MX,2021-10-30 22:59:51
205,Polis,35.0367,32.4264,66.02,78,50,3.09,CY,2021-10-30 22:59:51
206,Kokopo,-4.352,152.2633,85.37,65,48,8.81,PG,2021-10-30 22:59:52
207,Neiafu,-18.65,-173.9833,81.28,74,40,11.5,TO,2021-10-30 22:59:52
208,Fortuna,40.5982,-124.1573,66.47,66,1,3.0,US,2021-10-30 22:59:52
209,Salisbury,51.0693,-1.7957,53.47,93,67,6.11,GB,2021-10-30 22:57:34
210,Guiberoua,6.2392,-6.1727,72.36,99,100,2.3,CI,2021-10-30 22:59:53
211,Beidao,34.5686,105.8933,48.63,75,100,2.35,CN,2021-10-30 22:59:53
212,Thompson,55.7435,-97.8558,35.76,87,90,9.22,CA,2021-10-30 22:56:24
213,Bethel,41.3712,-73.414,57.72,92,90,1.99,US,2021-10-30 22:59:53
214,Pleshanovo,52.8333,53.4833,42.85,93,99,7.74,RU,2021-10-30 22:59:54
215,Nelson Bay,-32.7167,152.15,66.99,57,94,1.99,AU,2021-10-30 22:59:54
216,Kintampo,8.0563,-1.7306,75.65,79,50,3.78,GH,2021-10-30 22:59:54
217,Kadyy,57.787,43.1903,42.82,98,93,5.46,RU,2021-10-30 22:59:55
218,Mumford,5.2618,-0.759,79.54,86,100,12.33,GH,2021-10-30 22:59:55
219,Juli,-16.2167,-69.45,49.89,62,74,9.24,PE,2021-10-30 22:59:55
220,Kralendijk,12.15,-68.2667,81.91,75,100,14.58,BQ,2021-10-30 22:59:56
221,San Cristobal,7.7669,-72.225,68.18,97,100,1.86,VE,2021-10-30 22:59:56
222,Lorengau,-2.0226,147.2712,83.19,79,93,7.85,PG,2021-10-30 22:59:56
223,Yuci,37.6803,112.7319,33.55,80,0,0.0,CN,2021-10-30 22:59:57
224,Paracuru,-3.41,-39.0306,80.62,78,39,8.63,BR,2021-10-30 22:59:57
225,Alabaster,33.2443,-86.8164,54.39,95,90,1.01,US,2021-10-30 22:59:57
226,Norman Wells,65.282,-126.8329,19.44,93,40,4.61,CA,2021-10-30 22:59:58
227,Oudtshoorn,-33.5907,22.2014,59.36,74,68,2.04,ZA,2021-10-30 22:59:58
228,Geraldton,-28.7667,114.6,55.81,82,0,6.91,AU,2021-10-30 22:59:58
229,Calamar,10.2511,-74.9146,82.35,94,100,5.79,CO,2021-10-30 22:59:58
230,Voznesenskaya,44.5527,41.0318,40.5,86,0,7.52,RU,2021-10-30 22:59:59
231,Joshimath,30.5667,79.5667,49.41,26,0,6.26,IN,2021-10-30 22:59:59
232,Ayan,56.45,138.1667,22.6,52,0,18.63,RU,2021-10-30 22:59:59
233,Trogir,43.5125,16.2517,53.65,71,0,2.3,HR,2021-10-30 23:00:00
234,Mastic Beach,40.7668,-72.8521,59.32,96,90,5.01,US,2021-10-30 23:00:00
235,Vaitape,-16.5167,-151.75,78.12,69,15,15.39,PF,2021-10-30 23:00:01
236,Suleja,9.1758,7.1808,72.84,75,91,2.62,NG,2021-10-30 23:00:02
237,San Jeronimo,-11.9472,-75.2829,57.33,64,94,6.53,PE,2021-10-30 23:00:03
238,Adrar,20.5022,-10.0711,79.18,38,100,9.24,MR,2021-10-30 23:00:03
239,Ust-Nera,64.5667,143.2,-11.88,99,96,3.09,RU,2021-10-30 23:00:04
240,Mizunami,35.3667,137.25,58.96,73,100,1.9,JP,2021-10-30 23:00:05
241,Marsa Matruh,31.3525,27.2453,72.3,72,47,8.21,EG,2021-10-30 23:00:06
242,Kutulik,53.3508,102.7839,28.0,88,54,3.74,RU,2021-10-30 23:00:07
243,Revda,56.801,59.9303,34.61,82,91,10.22,RU,2021-10-30 23:00:08
244,Nouadhibou,20.931,-17.0347,68.61,81,10,16.35,MR,2021-10-30 23:00:09
245,Chachapoyas,-6.2317,-77.869,56.79,94,82,3.27,PE,2021-10-30 23:00:09
246,Iqaluit,63.7506,-68.5145,36.7,69,100,11.99,CA,2021-10-30 23:00:10
247,Huarmey,-10.0681,-78.1522,65.25,81,58,8.66,PE,2021-10-30 23:00:11
248,Saint George,37.1041,-113.5841,84.67,30,29,1.99,US,2021-10-30 22:57:55
249,Boguchany,58.3814,97.4531,24.6,62,99,8.05,RU,2021-10-30 23:00:12
250,Kirakira,-10.4544,161.9205,86.27,66,58,12.24,SB,2021-10-30 23:00:12
251,Orangeburg,33.4918,-80.8557,61.09,83,87,4.0,US,2021-10-30 23:00:13
252,Farkhor,37.4922,69.4036,50.88,27,88,3.33,TJ,2021-10-30 22:58:06
253,Zalantun,48.0,122.7167,25.54,44,44,5.59,CN,2021-10-30 23:00:14
254,Cabo San Lucas,22.8909,-109.9124,87.62,71,20,11.99,MX,2021-10-30 22:56:30
255,Touros,-5.1989,-35.4608,79.63,78,53,15.55,BR,2021-10-30 23:00:15
256,Riyadh,24.6877,46.7219,73.54,41,17,5.82,SA,2021-10-30 22:57:55
257,Faya,18.3851,42.4509,55.99,51,0,5.53,SA,2021-10-30 23:00:16
258,Barra Do Garcas,-15.89,-52.2567,74.35,82,96,1.16,BR,2021-10-30 23:00:17
259,Nizhniy Kuranakh,58.8353,125.4869,18.72,81,98,3.27,RU,2021-10-30 23:00:17
260,Khoy,38.5504,44.9535,51.48,68,99,2.04,IR,2021-10-30 23:00:18
261,Kalmar,56.6616,16.3616,46.96,100,20,1.14,SE,2021-10-30 23:00:18
262,Ruwi,23.5996,58.5507,80.58,52,2,6.91,OM,2021-10-30 23:00:18
263,Do Gonbadan,30.3586,50.7981,67.71,49,0,2.64,IR,2021-10-30 23:00:19
264,Erzin,36.9559,36.2,64.92,68,54,5.55,TR,2021-10-30 23:00:19
265,Dongdu,35.85,117.7,55.56,70,27,0.54,CN,2021-10-30 23:00:19
266,Narsaq,60.9167,-46.05,28.62,71,95,4.32,GL,2021-10-30 23:00:20
267,Padang,-0.9492,100.3543,75.25,90,100,2.64,ID,2021-10-30 23:00:20
268,Rio Grande,-32.035,-52.0986,71.94,85,46,18.61,BR,2021-10-30 23:00:20
269,Alofi,-19.0595,-169.9187,76.46,74,100,18.39,NU,2021-10-30 23:00:21
270,Sitka,57.0531,-135.33,44.35,83,100,5.3,US,2021-10-30 23:00:21
271,Norrtalje,59.758,18.705,45.23,94,100,4.81,SE,2021-10-30 23:00:21
272,Burns Lake,54.2331,-125.7533,39.33,43,15,2.39,CA,2021-10-30 23:00:22
273,Pizhanka,57.4604,48.542,42.8,97,100,7.58,RU,2021-10-30 23:00:22
274,Baherden,38.4362,57.4316,55.06,42,90,3.71,TM,2021-10-30 23:00:22
275,Baykit,61.67,96.37,16.45,84,99,10.56,RU,2021-10-30 23:00:23
276,Yar-Sale,66.8333,70.8333,7.77,90,95,16.44,RU,2021-10-30 23:00:23
277,The Pas,53.8251,-101.2541,36.79,64,100,10.45,CA,2021-10-30 23:00:23
278,Kawalu,-7.3817,108.2082,72.9,95,91,0.34,ID,2021-10-30 23:00:24
279,Coxim,-18.5067,-54.76,80.46,67,64,4.16,BR,2021-10-30 23:00:24
280,Cayenne,4.9333,-52.3333,83.08,79,75,3.0,GF,2021-10-30 23:00:24
281,Klaksvik,62.2266,-6.589,47.32,92,100,13.82,FO,2021-10-30 23:00:25
282,Almeirim,-1.5233,-52.5817,80.53,68,22,4.0,BR,2021-10-30 23:00:25
283,Bodden Town,19.2833,-81.25,82.99,73,99,4.0,KY,2021-10-30 23:00:25
284,Aykhal,66.0,111.5,16.03,98,100,6.8,RU,2021-10-30 23:00:26
285,Nalut,30.3333,10.85,66.67,39,20,3.78,LY,2021-10-30 23:00:26
286,Mackenzie,55.2999,-123.1698,35.69,53,23,0.96,CA,2021-10-30 23:00:27
287,Bracebridge,45.0334,-79.3163,46.89,87,90,4.61,CA,2021-10-30 23:00:27
288,Alencon,48.4333,0.0833,48.99,94,100,5.5,FR,2021-10-30 23:00:27
289,Okha,53.5739,142.9478,29.84,57,100,17.76,RU,2021-10-30 23:00:28
290,Tevaitoa,-16.7833,-151.5,77.9,70,7,15.57,PF,2021-10-30 23:00:28
291,Beipiao,41.7919,120.7792,36.34,81,100,15.17,CN,2021-10-30 23:00:29
292,Guerrero Negro,27.9769,-114.0611,73.04,57,0,13.35,MX,2021-10-30 23:00:29
293,Sambava,-14.2667,50.1667,74.23,86,87,7.76,MG,2021-10-30 23:00:29
294,Taltal,-25.4,-70.4833,64.24,66,22,3.04,CL,2021-10-30 23:00:29
295,Dunedin,-45.8742,170.5036,59.81,90,62,11.01,NZ,2021-10-30 22:57:21
296,Cabatuan,10.8794,122.486,77.0,87,93,11.52,PH,2021-10-30 23:00:30
297,Tuatapere,-46.1333,167.6833,47.97,94,100,17.67,NZ,2021-10-30 23:00:30
298,Ekimchan,53.0667,132.9667,15.42,88,14,1.39,RU,2021-10-30 23:00:31
299,Zdunska Wola,51.5992,18.9397,52.72,65,6,5.01,PL,2021-10-30 23:00:31
300,Mahon,39.8885,4.2658,70.36,88,75,5.75,ES,2021-10-30 23:00:31
301,Russell,32.3502,-85.1999,57.11,86,96,8.48,US,2021-10-30 23:00:32
302,Le Port,-20.9373,55.2919,69.8,93,17,3.87,RE,2021-10-30 23:00:32
303,Berbera,10.4396,45.0143,82.27,71,4,11.14,SO,2021-10-30 23:00:32
304,Pacific Grove,36.6177,-121.9166,70.57,87,90,4.0,US,2021-10-30 23:00:33
305,Saint Anthony,45.0205,-93.218,57.92,61,40,5.75,US,2021-10-30 23:00:33
306,Viedma,-40.8135,-62.9967,50.43,70,89,21.94,AR,2021-10-30 23:00:34
307,Chingola,-12.529,27.8838,71.44,34,84,2.8,ZM,2021-10-30 23:00:34
308,Sobolevo,54.4299,31.8996,41.25,85,29,9.33,RU,2021-10-30 23:00:34
309,Nkhata Bay,-11.6066,34.2907,75.83,61,10,4.68,MW,2021-10-30 23:00:35
310,San Patricio,28.017,-97.5169,84.29,23,0,5.32,US,2021-10-30 23:00:35
311,Fergus Falls,46.283,-96.0776,45.66,79,90,11.01,US,2021-10-30 22:59:07
312,Gao,16.6362,1.637,85.1,13,61,8.1,ML,2021-10-30 23:00:36
313,Grindavik,63.8424,-22.4338,37.87,93,0,9.22,IS,2021-10-30 23:00:36
314,Presidencia Roque Saenz Pena,-26.7852,-60.4388,80.91,56,42,6.06,AR,2021-10-30 23:00:37
315,Kununurra,-15.7667,128.7333,84.18,65,85,11.5,AU,2021-10-30 22:57:29
316,San Pablo,14.0669,121.3258,81.68,87,72,5.39,PH,2021-10-30 23:00:37
317,Sarh,9.1429,18.3923,77.34,53,100,3.15,TD,2021-10-30 23:00:38
318,Heubach,48.7927,9.9337,53.65,89,98,5.95,DE,2021-10-30 23:00:38
319,Am Timan,11.0297,20.2827,78.22,34,83,2.62,TD,2021-10-30 23:00:39
320,Sorland,67.667,12.6934,48.92,89,100,22.17,NO,2021-10-30 23:00:40
321,Linxi,39.7,118.4333,49.86,68,77,12.57,CN,2021-10-30 23:00:40
322,Vieux Fort,13.7167,-60.95,79.77,67,46,12.8,LC,2021-10-30 23:00:11
323,The Valley,18.217,-63.0578,82.54,74,40,9.22,AI,2021-10-30 23:00:40
324,Seoul,37.5683,126.9778,51.24,73,18,1.92,KR,2021-10-30 23:00:14
325,Port Macquarie,-31.4333,152.9167,62.1,71,99,7.16,AU,2021-10-30 23:00:41
326,Cidreira,-30.1811,-50.2056,67.91,88,31,22.5,BR,2021-10-30 23:00:42
327,Codrington,-38.2667,141.9667,55.06,73,2,7.11,AU,2021-10-30 23:00:42
328,Rocha,-34.4833,-54.3333,67.37,85,100,9.37,UY,2021-10-30 23:00:42
329,Brest,52.1,23.7,48.16,64,15,12.15,BY,2021-10-30 23:00:43
330,Enshi,30.3,109.4833,57.02,91,94,1.74,CN,2021-10-30 23:00:43
331,Tura,25.5198,90.2201,62.55,64,0,2.62,IN,2021-10-30 23:00:43
332,College,64.8569,-147.8028,32.0,77,100,5.86,US,2021-10-30 23:00:44
333,Sibu,2.3,111.8167,74.64,98,84,1.19,MY,2021-10-30 23:00:44
334,Mangrol,21.1167,70.1167,74.55,44,58,9.24,IN,2021-10-30 23:00:44
335,Solnechnyy,50.7214,136.6319,26.55,73,63,6.08,RU,2021-10-30 23:00:45
336,Marawi,7.9986,124.2928,67.64,93,53,1.23,PH,2021-10-30 23:00:45
337,Mazatlan,23.2167,-106.4167,85.01,82,1,1.01,MX,2021-10-30 22:56:27
338,Cairns,-16.9167,145.7667,90.95,68,49,4.61,AU,2021-10-30 23:00:46
339,Cassilandia,-19.1133,-51.7342,74.86,76,70,3.31,BR,2021-10-30 23:00:46
340,Mayo,38.8876,-76.5119,61.56,86,94,5.46,US,2021-10-30 23:00:46
341,Black River,18.0264,-77.8487,83.98,81,94,1.81,JM,2021-10-30 23:00:47
342,Saint-Georges,12.0564,-61.7485,79.32,78,60,9.73,GD,2021-10-30 23:00:47
343,Sept-Iles,50.2001,-66.3821,42.06,88,33,3.0,CA,2021-10-30 23:00:47
344,Tunggol,5.8446,121.1544,81.25,81,71,0.43,PH,2021-10-30 23:00:47
345,Sunndalsora,62.6754,8.5515,52.45,74,100,12.66,NO,2021-10-30 23:00:48
346,Tautira,-17.7333,-149.15,84.22,75,38,17.29,PF,2021-10-30 23:00:48
347,Itarema,-2.9248,-39.9167,80.13,76,26,10.76,BR,2021-10-30 23:00:48
348,La Macarena,2.1837,-73.7849,74.05,97,91,0.63,CO,2021-10-30 23:00:49
349,Bubaque,11.2833,-15.8333,79.21,79,100,5.48,GW,2021-10-30 23:00:49
350,Salvador,13.8333,-88.9167,73.49,85,100,0.49,SV,2021-10-30 23:00:49
351,Yabrud,33.9674,36.6574,51.53,64,29,3.6,SY,2021-10-30 23:00:50
352,Marzuq,14.4,46.4667,72.3,62,78,2.66,YE,2021-10-30 22:55:55
353,Marsh Harbour,26.5412,-77.0636,77.86,72,10,13.94,BS,2021-10-30 23:00:50
354,Riverton,40.5219,-111.9391,69.49,50,1,1.01,US,2021-10-30 23:00:51
355,Cherskiy,68.75,161.3,-0.2,98,100,5.86,RU,2021-10-30 23:00:51
356,Hami,42.8,93.45,49.39,45,100,0.4,CN,2021-10-30 23:00:51
357,Huesca,42.1362,-0.4087,60.8,97,20,3.44,ES,2021-10-30 23:00:51
358,Arlit,18.7369,7.3853,81.64,20,28,10.29,NE,2021-10-30 23:00:52
359,Harper,4.375,-7.7169,77.41,87,96,5.37,LR,2021-10-30 23:00:52
360,Baghdad,33.3406,44.4009,83.01,32,100,22.26,IQ,2021-10-30 23:00:03
361,Nampula,-15.1165,39.2666,68.31,88,32,4.94,MZ,2021-10-30 23:00:22
362,Batemans Bay,-35.7167,150.1833,64.2,47,5,2.93,AU,2021-10-30 23:00:53
363,Cap Malheureux,-19.9842,57.6142,70.47,85,4,6.17,MU,2021-10-30 23:00:53
364,Sucua,-2.4667,-78.1667,70.48,94,30,0.92,EC,2021-10-30 23:00:53
365,Bandar,2.05,99.75,72.48,98,96,0.67,ID,2021-10-30 23:00:54
366,Biskamzha,53.4497,89.5272,27.93,95,98,6.91,RU,2021-10-30 23:00:54
367,Urengoy,65.9667,78.3667,8.15,95,100,12.41,RU,2021-10-30 23:00:54
368,Srednekolymsk,67.45,153.6833,-4.4,96,100,6.13,RU,2021-10-30 23:00:55
369,Kizukuri,40.8061,140.3861,50.11,96,100,3.13,JP,2021-10-30 23:00:55
370,Nuuk,64.1835,-51.7216,34.41,86,75,36.82,GL,2021-10-30 23:00:56
371,Alamosa,37.4695,-105.87,63.36,14,1,5.75,US,2021-10-30 23:00:56
372,Paita,-5.0892,-81.1144,66.11,81,15,14.45,PE,2021-10-30 23:00:57
373,Nueva Loja,0.0847,-76.8828,76.05,87,89,1.68,EC,2021-10-30 23:00:57
374,Karaj,35.8355,51.0103,55.92,51,95,6.69,IR,2021-10-30 23:00:57
375,Namatanai,-3.6667,152.4333,84.58,70,94,8.21,PG,2021-10-30 23:00:58
376,Verin,41.9415,-7.4381,58.57,95,100,3.18,ES,2021-10-30 23:00:58
377,Raudeberg,61.9875,5.1352,54.27,72,100,1.99,NO,2021-10-30 23:00:58
378,Wajima,37.4,136.9,62.06,63,100,2.04,JP,2021-10-30 23:00:59
379,Hofn,64.2539,-15.2082,43.59,71,100,13.58,IS,2021-10-30 23:00:59
380,Coffs Harbour,-30.3,153.1333,64.36,72,75,13.8,AU,2021-10-30 23:00:59
381,Humaita,-7.5061,-63.0208,81.21,65,65,1.16,BR,2021-10-30 23:00:59
382,Ust-Kuyga,70.0167,135.6,-4.83,100,100,7.76,RU,2021-10-30 23:01:00
383,Praia Da Vitoria,38.7333,-27.0667,69.76,90,100,10.33,PT,2021-10-30 23:01:00
384,Kinango,-4.1372,39.3153,70.3,95,33,0.65,KE,2021-10-30 23:01:00
385,Kavaratti,10.5669,72.642,81.66,73,81,2.93,IN,2021-10-30 23:01:01
386,Pisco,-13.7,-76.2167,63.01,89,31,6.24,PE,2021-10-30 23:01:02
387,Puerto Escondido,15.85,-97.0667,82.6,77,83,3.24,MX,2021-10-30 23:01:02
388,Mulchen,-37.7167,-72.2333,69.78,52,100,4.63,CL,2021-10-30 23:00:51
389,Hamilton,39.1834,-84.5333,55.15,94,90,3.0,US,2021-10-30 23:00:30
390,Kutum,14.2,24.6667,73.71,19,25,9.73,SD,2021-10-30 23:01:03
391,Vallenar,-28.5708,-70.7581,74.43,36,1,5.23,CL,2021-10-30 23:01:04
392,Mentakab,3.4865,102.3516,72.61,99,94,2.35,MY,2021-10-30 23:01:04
393,Homer,59.6425,-151.5483,45.77,93,100,23.53,US,2021-10-30 23:01:05
394,Zhigansk,66.7697,123.3711,2.07,92,100,21.72,RU,2021-10-30 23:01:05
395,Salair,54.2312,85.7972,28.98,96,100,5.84,RU,2021-10-30 23:01:06
396,Male,4.1748,73.5089,81.97,71,54,13.0,MV,2021-10-30 23:01:06
397,Brae,60.3964,-1.353,48.11,91,100,13.24,GB,2021-10-30 23:01:06
398,Nushki,29.5542,66.0215,56.05,29,0,0.4,PK,2021-10-30 23:01:06
399,Liku,-0.7275,119.8922,76.26,91,98,1.3,ID,2021-10-30 23:01:07
400,Saint-Paul,-21.0096,55.2707,69.91,93,21,1.01,RE,2021-10-30 23:01:07
401,Iquique,-20.2208,-70.1431,62.64,76,46,3.22,CL,2021-10-30 22:58:00
402,Clyde River,70.4692,-68.5914,30.54,97,100,13.47,CA,2021-10-30 23:01:08
403,Tolbazy,54.0241,55.8825,41.76,94,99,9.24,RU,2021-10-30 23:01:08
404,Batticaloa,7.7102,81.6924,77.85,89,94,9.26,LK,2021-10-30 23:01:09
405,Tateyama,34.9833,139.8667,60.03,73,99,6.15,JP,2021-10-30 23:01:09
406,Santa Cruz Del Sur,20.7147,-77.9956,78.1,85,100,6.6,CU,2021-10-30 23:01:09
407,Upington,-28.4478,21.2561,71.62,27,1,6.64,ZA,2021-10-30 23:01:10
408,Sanmenxia,34.7747,111.1814,56.08,65,100,3.04,CN,2021-10-30 23:00:27
409,San Quintin,30.4833,-115.95,67.59,72,0,11.99,MX,2021-10-30 23:01:10
410,Gulu,2.7746,32.299,65.19,89,81,1.7,UG,2021-10-30 23:01:10
411,Buinsk,54.95,48.2833,48.96,91,100,10.25,RU,2021-10-30 23:01:11
412,Iranshahr,27.2025,60.6848,72.18,25,1,1.54,IR,2021-10-30 23:01:11
413,Verkhoyansk,67.5447,133.385,-15.3,100,51,2.33,RU,2021-10-30 23:01:11
414,Laguna,38.421,-121.4238,72.64,73,90,4.0,US,2021-10-30 23:01:12
415,Biltine,14.5333,20.9167,82.22,16,63,6.78,TD,2021-10-30 23:01:12
416,Poum,-20.2333,164.0167,76.08,69,14,4.79,NC,2021-10-30 23:01:12
417,Imeni Babushkina,59.7573,43.1285,42.89,91,100,6.35,RU,2021-10-30 23:01:13
418,Chicama,-7.8447,-79.1469,66.88,75,39,7.2,PE,2021-10-30 23:01:13
419,Hambantota,6.1241,81.1185,73.74,100,40,1.14,LK,2021-10-30 23:01:14
420,Fuyang,32.9,115.8167,58.66,67,77,4.99,CN,2021-10-30 23:01:14
421,Liepaja,56.5419,21.0367,50.05,76,71,8.05,LV,2021-10-30 23:01:14
422,Tuensang,26.2833,94.8333,58.8,90,49,2.46,IN,2021-10-30 23:01:15
423,Castlemaine,-37.0667,144.2167,57.04,59,1,3.09,AU,2021-10-30 23:01:15
424,Kahului,20.8947,-156.47,85.26,69,2,3.33,US,2021-10-30 23:00:13
425,Kirkkonummi,60.1238,24.4385,49.05,96,64,7.81,FI,2021-10-30 23:01:15
426,Manzil Salim,35.8567,8.4765,65.8,41,97,3.29,TN,2021-10-30 23:01:16
427,Veraval,20.9,70.3667,75.69,44,96,10.25,IN,2021-10-30 23:01:16
428,Marienburg,54.0359,19.0266,52.88,75,72,14.32,PL,2021-10-30 22:57:04
429,Biak,-0.9131,122.8766,78.24,80,100,1.88,ID,2021-10-30 23:01:16
430,Mecca,21.4267,39.8261,79.74,61,0,2.46,SA,2021-10-30 23:01:17
431,Nkoteng,4.5167,12.0333,67.5,98,98,1.12,CM,2021-10-30 23:01:17
432,Te Anau,-45.4167,167.7167,49.35,90,100,2.71,NZ,2021-10-30 23:01:18
433,Severnyy-Kospashskiy,59.0925,57.8008,31.6,100,100,2.37,RU,2021-10-30 23:01:18
434,Rio Gallegos,-51.6226,-69.2181,53.98,39,3,12.39,AR,2021-10-30 23:01:18
435,Sinnamary,5.3833,-52.95,79.18,83,14,6.49,GF,2021-10-30 23:01:19
436,Mangai,-4.05,19.5333,69.39,98,69,0.58,CD,2021-10-30 23:01:19
437,Hovd,48.0056,91.6419,34.72,47,99,5.55,MN,2021-10-30 23:01:20
438,Mindelo,16.8901,-24.9804,75.29,82,98,15.5,CV,2021-10-30 23:01:20
439,Aljezur,37.3191,-8.8033,68.81,95,99,15.26,PT,2021-10-30 23:01:20
440,Gonen,40.1049,27.654,59.02,46,66,5.39,TR,2021-10-30 23:01:21
441,Massaguet,12.4755,15.4365,83.52,14,25,6.98,TD,2021-10-30 23:01:21
442,Kitimat,54.0524,-128.6534,45.91,63,99,4.9,CA,2021-10-30 23:01:21
443,Rute,37.3269,-4.3683,65.34,85,100,10.56,ES,2021-10-30 23:01:22
444,Vermillion,42.7794,-96.9292,59.52,68,21,19.04,US,2021-10-30 22:57:25
445,Coihaique,-45.5752,-72.0662,49.8,54,0,4.32,CL,2021-10-30 23:01:22
446,San Juan,-31.5375,-68.5364,81.32,34,9,21.77,AR,2021-10-30 22:59:42
447,Broome,42.2506,-75.833,55.02,77,89,3.0,US,2021-10-30 23:01:22
448,Bonavista,48.6499,-53.1147,40.12,66,1,1.41,CA,2021-10-30 23:01:23
449,Mayor Pablo Lagerenza,-19.9309,-60.7718,84.0,54,62,3.91,PY,2021-10-30 23:01:23
450,Zonguldak,41.25,31.8333,45.14,62,0,4.52,TR,2021-10-30 23:01:23
451,Merauke,-8.4667,140.3333,83.35,73,86,7.61,ID,2021-10-30 23:01:24
452,Kuusamo,65.9667,29.1833,41.04,100,90,9.22,FI,2021-10-30 23:01:24
453,San Pedro,14.35,121.0167,82.09,73,51,11.41,PH,2021-10-30 23:01:24
454,Masty,53.4122,24.5387,47.39,68,6,14.25,BY,2021-10-30 23:01:25
455,Talnakh,69.4865,88.3972,12.16,96,100,4.81,RU,2021-10-30 23:01:25
456,Auki,-8.7676,160.7034,85.5,65,97,2.68,SB,2021-10-30 23:01:25
457,Saint-Ambroise,48.5501,-71.3324,48.58,69,89,7.56,CA,2021-10-30 23:01:26
458,Soc Trang,9.6033,105.98,76.96,88,82,8.05,VN,2021-10-30 23:01:26
459,Penzance,50.1186,-5.5371,54.61,81,100,30.36,GB,2021-10-30 23:01:26
460,Shaunavon,49.6501,-108.4181,34.66,45,72,13.78,CA,2021-10-30 23:01:27
461,Chabahar,25.2919,60.643,81.03,49,1,2.71,IR,2021-10-30 23:01:27
462,Northam,51.0333,-4.2167,56.01,90,67,19.1,GB,2021-10-30 23:01:27
463,Berlevag,70.8578,29.0864,39.07,75,98,9.84,NO,2021-10-30 23:01:28
464,Indore,22.7179,75.8333,61.12,55,69,3.71,IN,2021-10-30 23:01:28
465,Naryan-Mar,67.6713,53.087,17.42,92,100,13.49,RU,2021-10-30 23:01:29
466,Nemuro,43.3236,145.575,51.84,73,69,8.57,JP,2021-10-30 23:01:29
467,Bucerias,20.75,-105.3333,84.97,82,22,3.91,MX,2021-10-30 22:57:49
468,Binga,-17.6203,27.3414,75.83,56,16,1.99,ZW,2021-10-30 23:01:29
469,Mount Isa,-20.7333,139.5,78.57,22,75,11.5,AU,2021-10-30 23:00:39
470,Nanga Eboko,4.6833,12.3667,67.64,97,92,1.72,CM,2021-10-30 23:01:30
471,Mmabatho,-25.85,25.6333,62.42,33,0,8.79,ZA,2021-10-30 23:01:30
472,Savannah Bight,16.45,-85.85,81.0,62,54,14.65,HN,2021-10-30 23:01:30
473,Irbil,36.1926,44.0106,65.75,68,100,13.33,IQ,2021-10-30 23:00:32
474,Samarai,-10.6167,150.6667,83.28,78,99,13.8,PG,2021-10-30 23:01:31
475,Lahij,13.1667,44.5833,76.75,69,50,8.84,YE,2021-10-30 23:01:31
476,Manado,1.487,124.8455,75.97,94,40,1.14,ID,2021-10-30 23:01:32
477,Bacolod,10.6667,122.95,79.12,86,100,13.58,PH,2021-10-30 23:01:32
478,Yeppoon,-23.1333,150.7333,82.18,62,23,5.77,AU,2021-10-30 23:01:32
479,Belaya Gora,68.5333,146.4167,0.68,98,100,3.67,RU,2021-10-30 23:01:33
480,El Alto,-4.2714,-81.2147,67.24,74,22,14.23,PE,2021-10-30 23:01:33
481,Shubarshi,48.5872,57.1869,40.05,79,66,8.41,KZ,2021-10-30 23:01:33
482,Nortelandia,-14.4547,-56.8028,81.95,55,53,1.28,BR,2021-10-30 23:01:34
483,Bakchar,57.0186,82.0711,26.94,57,100,7.54,RU,2021-10-30 23:01:34
484,High Level,58.5169,-117.136,34.29,56,0,3.62,CA,2021-10-30 23:01:34
485,Novosysoyevka,44.235,133.3642,44.02,77,97,1.92,RU,2021-10-30 23:01:35
486,Marang,5.2056,103.2059,76.48,87,43,3.98,MY,2021-10-30 23:01:35
487,Maningrida,-12.0667,134.2667,85.73,65,98,6.4,AU,2021-10-30 23:01:35
488,Camabatela,-8.1881,15.375,63.64,99,100,3.98,AO,2021-10-30 23:01:36
489,Hualmay,-11.0964,-77.6139,64.72,79,88,8.14,PE,2021-10-30 23:01:36
490,Gorontalo,0.5412,123.0595,78.28,86,98,2.04,ID,2021-10-30 23:01:36
491,Nago,26.5881,127.9761,73.47,69,4,7.09,JP,2021-10-30 23:01:37
492,Katherine,-14.4667,132.2667,84.52,65,30,5.75,AU,2021-10-30 23:01:37
493,Beppu,33.2736,131.4919,57.49,95,99,1.74,JP,2021-10-30 23:01:37
494,Nhamunda,-2.1861,-56.7131,79.61,69,37,2.55,BR,2021-10-30 23:01:38
495,Requena,39.4883,-1.1004,64.71,90,100,21.34,ES,2021-10-30 23:01:38
496,Ambilobe,-13.2,49.05,74.43,83,85,1.99,MG,2021-10-30 23:01:39
497,Krasnyy Sulin,47.8922,40.0704,40.28,72,0,5.86,RU,2021-10-30 23:01:39
498,Sampit,-2.5333,112.95,74.37,91,89,2.04,ID,2021-10-30 22:59:24
499,Great Yarmouth,52.6083,1.7305,48.02,88,45,10.92,GB,2021-10-30 23:01:39
500,Bartica,6.4,-58.6167,74.73,98,70,2.93,GY,2021-10-30 23:01:40
501,Canto Do Buriti,-8.11,-42.9444,84.33,33,40,3.91,BR,2021-10-30 23:01:40
502,Cabinda,-5.55,12.2,77.56,86,91,8.52,AO,2021-10-30 23:01:40
503,Saint-Augustin,51.226,-58.6502,43.97,60,9,2.57,CA,2021-10-30 23:01:41
504,Porto Santo,33.072,-16.3415,71.98,83,20,14.97,PT,2021-10-30 22:59:11
505,San Andres,12.5847,-81.7006,83.03,76,80,15.61,CO,2021-10-30 23:01:41
506,Fort Nelson,58.8053,-122.7002,38.26,41,7,1.21,CA,2021-10-30 23:00:33
507,Broken Hill,-31.95,141.4333,60.15,26,97,11.77,AU,2021-10-30 23:01:42
508,Neropolis,-16.4064,-49.2186,68.58,89,89,3.22,BR,2021-10-30 23:01:42
509,Enid,36.3956,-97.8784,67.01,36,0,4.74,US,2021-10-30 22:57:28
510,Palana,59.1167,159.9667,20.46,84,85,4.29,RU,2021-10-30 23:01:42
511,Ornskoldsvik,63.2909,18.7153,43.75,100,90,2.3,SE,2021-10-30 23:01:43
512,Valleyview,55.0667,-117.2859,37.29,38,1,4.76,CA,2021-10-30 23:01:43
513,Birobidzhan,48.8,132.95,37.33,51,91,4.68,RU,2021-10-30 23:01:43
514,Husavik,66.0449,-17.3389,39.11,89,100,17.94,IS,2021-10-30 22:57:15
515,Kushmurun,52.4503,64.6311,42.22,79,100,18.23,KZ,2021-10-30 23:01:44
516,Khandyga,62.6667,135.6,-10.25,100,100,1.3,RU,2021-10-30 23:01:44
517,Ukiah,39.1502,-123.2078,66.52,54,20,8.05,US,2021-10-30 23:01:45
518,Ahipara,-35.1667,173.1667,62.62,78,100,7.58,NZ,2021-10-30 23:01:45
519,Wilmington,34.2257,-77.9447,63.91,66,11,1.99,US,2021-10-30 22:59:16
520,Tucuman,-26.8241,-65.2226,77.45,67,27,4.63,AR,2021-10-30 23:01:46
521,Nanakuli,21.3906,-158.1547,85.03,69,24,3.67,US,2021-10-30 23:01:46
522,Giyon,8.5333,37.9833,55.44,49,60,12.5,ET,2021-10-30 23:01:46
523,Vestmannaeyjar,63.4427,-20.2734,43.68,77,84,3.69,IS,2021-10-30 23:01:47
524,Port Hardy,50.6996,-127.4199,45.75,53,50,2.93,CA,2021-10-30 23:01:47
525,Paamiut,61.994,-49.6678,31.53,79,86,13.04,GL,2021-10-30 23:01:47
526,Mao,39.8885,4.2658,70.36,88,75,5.75,ES,2021-10-30 23:00:31
527,Kharp,66.8014,65.8081,2.7,88,11,8.61,RU,2021-10-30 23:01:48
528,Tsagan Aman,47.5639,46.7218,39.61,78,0,1.68,RU,2021-10-30 23:01:48
529,Baza,37.4907,-2.7726,66.58,70,96,18.01,ES,2021-10-30 23:01:48
530,Elko,41.0002,-115.5012,65.73,44,100,1.99,US,2021-10-30 23:00:33
531,Lasa,46.6166,10.7002,48.94,89,100,2.8,IT,2021-10-30 23:01:49
532,Chadiza,-14.0678,32.4392,69.58,35,1,3.29,ZM,2021-10-30 23:01:49
533,Tashtagol,52.7657,87.8894,30.02,98,100,3.53,RU,2021-10-30 23:01:49
534,San Angelo,31.4638,-100.437,84.33,22,1,3.0,US,2021-10-30 23:01:50
535,Bowmore,34.9421,-79.3031,60.69,84,1,5.75,US,2021-10-30 23:01:50
536,Port Blair,11.6667,92.75,80.47,81,99,4.07,IN,2021-10-30 23:01:51
537,Port Hedland,-20.3167,118.5667,73.45,83,0,10.36,AU,2021-10-30 23:01:51
538,West Wendover,40.7391,-114.0733,59.77,41,100,3.31,US,2021-10-30 22:57:45
539,Mirabad,30.4362,61.8383,67.37,27,5,9.84,AF,2021-10-30 23:01:52
540,Hurghada,27.2574,33.8129,73.44,56,0,5.75,EG,2021-10-30 22:57:03
541,Tsumeb,-19.2333,17.7167,77.13,22,30,14.56,NA,2021-10-30 23:01:52
542,Ratnagiri,16.9833,73.3,80.15,66,63,5.12,IN,2021-10-30 23:01:52
543,Ullapool,57.8987,-5.1604,47.35,90,32,7.29,GB,2021-10-30 23:01:53
544,Bukama,-9.2,25.85,69.73,93,87,2.44,CD,2021-10-30 23:01:53
545,Buraydah,26.326,43.975,72.21,37,0,10.07,SA,2021-10-30 23:01:53
546,Liverpool,53.4106,-2.9779,47.62,87,0,3.0,GB,2021-10-30 23:00:45
547,Westport,41.1415,-73.3579,59.81,94,94,5.01,US,2021-10-30 23:01:01
548,Vostok,46.4856,135.8833,36.81,77,100,0.25,RU,2021-10-30 23:01:54
549,Kungurtug,50.5994,97.5228,26.38,71,47,2.82,RU,2021-10-30 23:01:54
550,Troyes,48.3333,4.0833,55.74,93,0,2.3,FR,2021-10-30 23:01:55
551,Koumra,8.9126,17.5539,77.2,56,98,3.42,TD,2021-10-30 23:01:55
552,Nocupetaro,19.05,-101.15,82.04,68,27,2.06,MX,2021-10-30 23:01:55
553,Varhaug,58.6147,5.6457,52.9,89,100,22.41,NO,2021-10-30 23:01:56
554,Terrace,54.5163,-128.6035,45.43,56,92,1.88,CA,2021-10-30 23:01:56
555,Boa Vista,2.8197,-60.6733,89.58,51,40,6.91,BR,2021-10-30 23:00:36
556,Aykino,62.2248,49.9922,29.5,97,99,3.51,RU,2021-10-30 23:01:56
557,Marrakesh,31.6315,-8.0083,68.07,42,0,4.61,MA,2021-10-30 22:57:04
558,Diego De Almagro,-26.3667,-70.05,73.62,19,0,5.86,CL,2021-10-30 23:01:23
559,Jining,35.405,116.5814,56.23,65,68,3.53,CN,2021-10-30 23:01:57
560,Ambanja,-13.6833,48.45,73.38,83,91,2.35,MG,2021-10-30 23:01:57
561,Alanya,36.5438,31.9998,64.53,51,99,2.68,TR,2021-10-30 23:01:58
562,Port Hawkesbury,45.6169,-61.3485,49.59,89,18,1.99,CA,2021-10-30 23:01:58
563,Mandya,12.5242,76.8958,67.96,97,88,6.15,IN,2021-10-30 23:01:58
564,Goba,7.0167,39.9833,45.32,63,80,4.05,ET,2021-10-30 23:01:59
565,San Ramon,37.7799,-121.978,69.26,83,75,1.99,US,2021-10-30 23:01:06
566,Manono,-7.3,27.4167,69.57,97,89,2.3,CD,2021-10-30 23:01:59
567,Beringovskiy,63.05,179.3167,8.06,94,98,19.04,RU,2021-10-30 23:02:00
568,Valentin Gomez Farias,28.2167,-106.5833,77.38,13,1,6.89,MX,2021-10-30 23:02:00
569,Santa Isabel Do Rio Negro,-0.4139,-65.0192,80.49,73,87,0.34,BR,2021-10-30 23:02:01
570,Okhotsk,59.3833,143.3,11.17,70,14,23.69,RU,2021-10-30 23:02:01
571,Sadat,25.6833,83.2833,67.57,70,20,4.61,IN,2021-10-30 23:02:02
572,Sao Marcos,-28.9711,-51.0681,67.57,89,92,6.58,BR,2021-10-30 23:02:02
573,Fukue,32.6881,128.8419,67.91,67,4,14.58,JP,2021-10-30 23:02:03
574,Muskegon,43.3,-86.1334,53.78,78,90,4.61,US,2021-10-30 23:02:03
575,Alice Springs,-23.7,133.8833,63.95,59,90,1.14,AU,2021-10-30 23:02:04
